city,country,year,lst_anomaly_c,ndvi_mean,impervious_pct,tree_canopy_pct,pop_density_km2,heat_mortality_per_100k,climate_zone
Tokyo,Japan,2015,3.815,0.2018,78,16,6168,1.8,Cfa
Tokyo,Japan,2016,4.244,0.2048,78,16,6168,1.8,Cfa
Tokyo,Japan,2017,3.793,0.206,78,16,6168,1.8,Cfa
Tokyo,Japan,2018,3.618,0.2134,78,16,6168,1.8,Cfa
Tokyo,Japan,2019,3.958,0.205,78,16,6168,1.8,Cfa
Tokyo,Japan,2020,3.885,0.2066,78,16,6168,1.8,Cfa
Tokyo,Japan,2021,3.894,0.2006,78,16,6168,1.8,Cfa
Tokyo,Japan,2022,3.841,0.2013,78,16,6168,1.8,Cfa
Tokyo,Japan,2023,3.897,0.2013,78,16,6168,1.8,Cfa
Tokyo,Japan,2024,3.842,0.1901,78,16,6168,1.8,Cfa
Tokyo,Japan,2025,3.83,0.19,78,16,6168,1.8,Cfa
Delhi,India,2015,3.704,0.1323,72,9,11297,3.2,BSh
Delhi,India,2016,3.518,0.1416,72,9,11297,3.2,BSh
Delhi,India,2017,3.644,0.1375,72,9,11297,3.2,BSh
Delhi,India,2018,3.338,0.1364,72,9,11297,3.2,BSh
Delhi,India,2019,3.593,0.1253,72,9,11297,3.2,BSh
Delhi,India,2020,3.615,0.1381,72,9,11297,3.2,BSh
Delhi,India,2021,3.659,0.1267,72,9,11297,3.2,BSh
Delhi,India,2022,3.656,0.1273,72,9,11297,3.2,BSh
Delhi,India,2023,3.837,0.128,72,9,11297,3.2,BSh
Delhi,India,2024,3.666,0.1245,72,9,11297,3.2,BSh
Delhi,India,2025,4.025,0.1256,72,9,11297,3.2,BSh
Shanghai,China,2015,3.453,0.1687,70,11,3854,2.1,Cfa
Shanghai,China,2016,3.613,0.1613,70,11,3854,2.1,Cfa
Shanghai,China,2017,3.537,0.1653,70,11,3854,2.1,Cfa
Shanghai,China,2018,3.651,0.1632,70,11,3854,2.1,Cfa
Shanghai,China,2019,3.393,0.1697,70,11,3854,2.1,Cfa
Shanghai,China,2020,3.618,0.1604,70,11,3854,2.1,Cfa
Shanghai,China,2021,3.536,0.1473,70,11,3854,2.1,Cfa
Shanghai,China,2022,3.6,0.1543,70,11,3854,2.1,Cfa
Shanghai,China,2023,3.931,0.1489,70,11,3854,2.1,Cfa
Shanghai,China,2024,3.914,0.1488,70,11,3854,2.1,Cfa
Shanghai,China,2025,3.762,0.1471,70,11,3854,2.1,Cfa
São Paulo,Brazil,2015,2.885,0.2242,68,19,7398,1.4,Cfa
São Paulo,Brazil,2016,3.059,0.2314,68,19,7398,1.4,Cfa
São Paulo,Brazil,2017,2.725,0.2229,68,19,7398,1.4,Cfa
São Paulo,Brazil,2018,2.432,0.2263,68,19,7398,1.4,Cfa
São Paulo,Brazil,2019,2.844,0.2302,68,19,7398,1.4,Cfa
São Paulo,Brazil,2020,2.959,0.2149,68,19,7398,1.4,Cfa
São Paulo,Brazil,2021,2.642,0.2137,68,19,7398,1.4,Cfa
São Paulo,Brazil,2022,2.646,0.2217,68,19,7398,1.4,Cfa
São Paulo,Brazil,2023,2.96,0.2111,68,19,7398,1.4,Cfa
São Paulo,Brazil,2024,3.112,0.2095,68,19,7398,1.4,Cfa
São Paulo,Brazil,2025,2.875,0.2137,68,19,7398,1.4,Cfa
Mexico City,Mexico,2015,3.086,0.1836,65,13,6700,1.9,Cwb
Mexico City,Mexico,2016,3.119,0.1674,65,13,6700,1.9,Cwb
Mexico City,Mexico,2017,2.943,0.1779,65,13,6700,1.9,Cwb
Mexico City,Mexico,2018,2.848,0.1798,65,13,6700,1.9,Cwb
Mexico City,Mexico,2019,3.225,0.1753,65,13,6700,1.9,Cwb
Mexico City,Mexico,2020,3.214,0.1804,65,13,6700,1.9,Cwb
Mexico City,Mexico,2021,3.129,0.1642,65,13,6700,1.9,Cwb
Mexico City,Mexico,2022,2.85,0.1671,65,13,6700,1.9,Cwb
Mexico City,Mexico,2023,3.36,0.1598,65,13,6700,1.9,Cwb
Mexico City,Mexico,2024,3.406,0.1601,65,13,6700,1.9,Cwb
Mexico City,Mexico,2025,3.355,0.1582,65,13,6700,1.9,Cwb
Cairo,Egypt,2015,2.948,0.077,82,3,19376,4.1,BWh
Cairo,Egypt,2016,2.994,0.0702,82,3,19376,4.1,BWh
Cairo,Egypt,2017,2.954,0.0676,82,3,19376,4.1,BWh
Cairo,Egypt,2018,2.801,0.0583,82,3,19376,4.1,BWh
Cairo,Egypt,2019,3.182,0.0554,82,3,19376,4.1,BWh
Cairo,Egypt,2020,3.002,0.0678,82,3,19376,4.1,BWh
Cairo,Egypt,2021,2.786,0.0576,82,3,19376,4.1,BWh
Cairo,Egypt,2022,2.886,0.0617,82,3,19376,4.1,BWh
Cairo,Egypt,2023,3.302,0.064,82,3,19376,4.1,BWh
Cairo,Egypt,2024,3.458,0.0539,82,3,19376,4.1,BWh
Cairo,Egypt,2025,3.125,0.0518,82,3,19376,4.1,BWh
Mumbai,India,2015,2.739,0.1534,76,8,20694,2.8,Aw
Mumbai,India,2016,3.029,0.1609,76,8,20694,2.8,Aw
Mumbai,India,2017,3.094,0.1625,76,8,20694,2.8,Aw
Mumbai,India,2018,2.919,0.1591,76,8,20694,2.8,Aw
Mumbai,India,2019,2.665,0.1532,76,8,20694,2.8,Aw
Mumbai,India,2020,2.868,0.1448,76,8,20694,2.8,Aw
Mumbai,India,2021,2.923,0.1535,76,8,20694,2.8,Aw
Mumbai,India,2022,2.717,0.1528,76,8,20694,2.8,Aw
Mumbai,India,2023,2.931,0.1512,76,8,20694,2.8,Aw
Mumbai,India,2024,3.164,0.1417,76,8,20694,2.8,Aw
Mumbai,India,2025,2.853,0.1411,76,8,20694,2.8,Aw
Beijing,China,2015,3.333,0.1966,60,18,1313,2.3,Dwa
Beijing,China,2016,3.795,0.1804,60,18,1313,2.3,Dwa
Beijing,China,2017,3.286,0.1862,60,18,1313,2.3,Dwa
Beijing,China,2018,3.189,0.1835,60,18,1313,2.3,Dwa
Beijing,China,2019,3.359,0.1872,60,18,1313,2.3,Dwa
Beijing,China,2020,3.222,0.182,60,18,1313,2.3,Dwa
Beijing,China,2021,3.413,0.1723,60,18,1313,2.3,Dwa
Beijing,China,2022,3.323,0.1718,60,18,1313,2.3,Dwa
Beijing,China,2023,3.439,0.1707,60,18,1313,2.3,Dwa
Beijing,China,2024,3.692,0.1662,60,18,1313,2.3,Dwa
Beijing,China,2025,3.726,0.1734,60,18,1313,2.3,Dwa
Dhaka,Bangladesh,2015,3.257,0.1268,79,5,44500,5.1,Aw
Dhaka,Bangladesh,2016,3.338,0.1279,79,5,44500,5.1,Aw
Dhaka,Bangladesh,2017,3.187,0.1218,79,5,44500,5.1,Aw
Dhaka,Bangladesh,2018,2.994,0.1296,79,5,44500,5.1,Aw
Dhaka,Bangladesh,2019,3.134,0.1198,79,5,44500,5.1,Aw
Dhaka,Bangladesh,2020,3.207,0.1237,79,5,44500,5.1,Aw
Dhaka,Bangladesh,2021,3.065,0.1174,79,5,44500,5.1,Aw
Dhaka,Bangladesh,2022,3.169,0.1189,79,5,44500,5.1,Aw
Dhaka,Bangladesh,2023,3.283,0.1233,79,5,44500,5.1,Aw
Dhaka,Bangladesh,2024,3.586,0.1031,79,5,44500,5.1,Aw
Dhaka,Bangladesh,2025,2.928,0.1075,79,5,44500,5.1,Aw
Osaka,Japan,2015,3.462,0.2024,75,14,5427,2.0,Cfa
Osaka,Japan,2016,3.677,0.2013,75,14,5427,2.0,Cfa
Osaka,Japan,2017,3.58,0.203,75,14,5427,2.0,Cfa
Osaka,Japan,2018,3.478,0.1962,75,14,5427,2.0,Cfa
Osaka,Japan,2019,3.616,0.1936,75,14,5427,2.0,Cfa
Osaka,Japan,2020,3.542,0.1843,75,14,5427,2.0,Cfa
Osaka,Japan,2021,3.695,0.1814,75,14,5427,2.0,Cfa
Osaka,Japan,2022,3.519,0.1938,75,14,5427,2.0,Cfa
Osaka,Japan,2023,3.642,0.1836,75,14,5427,2.0,Cfa
Osaka,Japan,2024,3.782,0.1877,75,14,5427,2.0,Cfa
Osaka,Japan,2025,3.883,0.19,75,14,5427,2.0,Cfa
New York,USA,2015,3.296,0.2517,72,24,10431,0.9,Cfa
New York,USA,2016,3.747,0.2479,72,24,10431,0.9,Cfa
New York,USA,2017,3.628,0.2593,72,24,10431,0.9,Cfa
New York,USA,2018,3.798,0.2377,72,24,10431,0.9,Cfa
New York,USA,2019,3.281,0.2427,72,24,10431,0.9,Cfa
New York,USA,2020,3.865,0.2425,72,24,10431,0.9,Cfa
New York,USA,2021,3.504,0.2371,72,24,10431,0.9,Cfa
New York,USA,2022,3.461,0.23,72,24,10431,0.9,Cfa
New York,USA,2023,3.971,0.2317,72,24,10431,0.9,Cfa
New York,USA,2024,3.873,0.235,72,24,10431,0.9,Cfa
New York,USA,2025,3.887,0.22,72,24,10431,0.9,Cfa
Karachi,Pakistan,2015,2.866,0.0731,74,4,24000,6.2,BWh
Karachi,Pakistan,2016,3.084,0.0852,74,4,24000,6.2,BWh
Karachi,Pakistan,2017,2.911,0.0794,74,4,24000,6.2,BWh
Karachi,Pakistan,2018,2.576,0.064,74,4,24000,6.2,BWh
Karachi,Pakistan,2019,2.678,0.0682,74,4,24000,6.2,BWh
Karachi,Pakistan,2020,2.796,0.0687,74,4,24000,6.2,BWh
Karachi,Pakistan,2021,2.788,0.0668,74,4,24000,6.2,BWh
Karachi,Pakistan,2022,2.715,0.0647,74,4,24000,6.2,BWh
Karachi,Pakistan,2023,3.322,0.0657,74,4,24000,6.2,BWh
Karachi,Pakistan,2024,3.109,0.0563,74,4,24000,6.2,BWh
Karachi,Pakistan,2025,2.942,0.057,74,4,24000,6.2,BWh
Buenos Aires,Argentina,2015,2.527,0.2161,66,20,5265,1.1,Cfa
Buenos Aires,Argentina,2016,2.493,0.2203,66,20,5265,1.1,Cfa
Buenos Aires,Argentina,2017,2.397,0.2206,66,20,5265,1.1,Cfa
Buenos Aires,Argentina,2018,2.374,0.2135,66,20,5265,1.1,Cfa
Buenos Aires,Argentina,2019,2.673,0.2178,66,20,5265,1.1,Cfa
Buenos Aires,Argentina,2020,2.369,0.2127,66,20,5265,1.1,Cfa
Buenos Aires,Argentina,2021,2.498,0.2076,66,20,5265,1.1,Cfa
Buenos Aires,Argentina,2022,2.541,0.2038,66,20,5265,1.1,Cfa
Buenos Aires,Argentina,2023,2.735,0.1957,66,20,5265,1.1,Cfa
Buenos Aires,Argentina,2024,2.936,0.1949,66,20,5265,1.1,Cfa
Buenos Aires,Argentina,2025,2.465,0.1931,66,20,5265,1.1,Cfa
Chongqing,China,2015,3.09,0.2581,55,23,1856,2.6,Cfa
Chongqing,China,2016,3.323,0.2649,55,23,1856,2.6,Cfa
Chongqing,China,2017,3.07,0.2591,55,23,1856,2.6,Cfa
Chongqing,China,2018,3.144,0.2521,55,23,1856,2.6,Cfa
Chongqing,China,2019,3.252,0.26,55,23,1856,2.6,Cfa
Chongqing,China,2020,3.111,0.2491,55,23,1856,2.6,Cfa
Chongqing,China,2021,3.285,0.2505,55,23,1856,2.6,Cfa
Chongqing,China,2022,3.13,0.2358,55,23,1856,2.6,Cfa
Chongqing,China,2023,3.406,0.2397,55,23,1856,2.6,Cfa
Chongqing,China,2024,3.382,0.2495,55,23,1856,2.6,Cfa
Chongqing,China,2025,3.493,0.2405,55,23,1856,2.6,Cfa
Istanbul,Turkey,2015,3.009,0.1945,68,14,2989,1.7,Csa
Istanbul,Turkey,2016,3.037,0.1848,68,14,2989,1.7,Csa
Istanbul,Turkey,2017,2.91,0.1863,68,14,2989,1.7,Csa
Istanbul,Turkey,2018,2.78,0.1818,68,14,2989,1.7,Csa
Istanbul,Turkey,2019,2.913,0.1803,68,14,2989,1.7,Csa
Istanbul,Turkey,2020,3.009,0.1837,68,14,2989,1.7,Csa
Istanbul,Turkey,2021,2.981,0.1721,68,14,2989,1.7,Csa
Istanbul,Turkey,2022,2.917,0.1726,68,14,2989,1.7,Csa
Istanbul,Turkey,2023,2.853,0.1773,68,14,2989,1.7,Csa
Istanbul,Turkey,2024,3.362,0.1646,68,14,2989,1.7,Csa
Istanbul,Turkey,2025,2.876,0.1681,68,14,2989,1.7,Csa
Kolkata,India,2015,3.138,0.1627,71,7,24252,4.4,Aw
Kolkata,India,2016,3.078,0.1693,71,7,24252,4.4,Aw
Kolkata,India,2017,3.286,0.1713,71,7,24252,4.4,Aw
Kolkata,India,2018,3.362,0.1654,71,7,24252,4.4,Aw
Kolkata,India,2019,3.408,0.1654,71,7,24252,4.4,Aw
Kolkata,India,2020,2.875,0.162,71,7,24252,4.4,Aw
Kolkata,India,2021,3.112,0.1487,71,7,24252,4.4,Aw
Kolkata,India,2022,3.033,0.1544,71,7,24252,4.4,Aw
Kolkata,India,2023,3.621,0.1531,71,7,24252,4.4,Aw
Kolkata,India,2024,3.651,0.1489,71,7,24252,4.4,Aw
Kolkata,India,2025,3.366,0.1476,71,7,24252,4.4,Aw
Manila,Philippines,2015,2.643,0.1433,80,8,71263,3.8,Aw
Manila,Philippines,2016,2.946,0.1406,80,8,71263,3.8,Aw
Manila,Philippines,2017,2.699,0.137,80,8,71263,3.8,Aw
Manila,Philippines,2018,2.788,0.1471,80,8,71263,3.8,Aw
Manila,Philippines,2019,2.754,0.1392,80,8,71263,3.8,Aw
Manila,Philippines,2020,2.855,0.1465,80,8,71263,3.8,Aw
Manila,Philippines,2021,2.632,0.148,80,8,71263,3.8,Aw
Manila,Philippines,2022,2.881,0.1458,80,8,71263,3.8,Aw
Manila,Philippines,2023,3.236,0.1353,80,8,71263,3.8,Aw
Manila,Philippines,2024,3.247,0.1363,80,8,71263,3.8,Aw
Manila,Philippines,2025,3.024,0.1327,80,8,71263,3.8,Aw
Lagos,Nigeria,2015,2.723,0.1995,62,12,14800,,Aw
Lagos,Nigeria,2016,2.341,0.1966,62,12,14800,,Aw
Lagos,Nigeria,2017,2.417,0.2035,62,12,14800,,Aw
Lagos,Nigeria,2018,2.368,0.191,62,12,14800,,Aw
Lagos,Nigeria,2019,2.392,0.2002,62,12,14800,,Aw
Lagos,Nigeria,2020,2.573,0.1962,62,12,14800,,Aw
Lagos,Nigeria,2021,2.503,0.1828,62,12,14800,,Aw
Lagos,Nigeria,2022,2.358,0.1836,62,12,14800,,Aw
Lagos,Nigeria,2023,2.403,0.1885,62,12,14800,,Aw
Lagos,Nigeria,2024,2.691,0.1826,62,12,14800,,Aw
Lagos,Nigeria,2025,2.689,0.1809,62,12,14800,,Aw
Rio de Janeiro,Brazil,2015,2.36,0.2991,58,29,5265,1.3,Aw
Rio de Janeiro,Brazil,2016,2.464,0.2982,58,29,5265,1.3,Aw
Rio de Janeiro,Brazil,2017,2.471,0.2967,58,29,5265,1.3,Aw
Rio de Janeiro,Brazil,2018,2.377,0.2922,58,29,5265,1.3,Aw
Rio de Janeiro,Brazil,2019,2.24,0.2908,58,29,5265,1.3,Aw
Rio de Janeiro,Brazil,2020,2.47,0.2923,58,29,5265,1.3,Aw
Rio de Janeiro,Brazil,2021,2.006,0.2902,58,29,5265,1.3,Aw
Rio de Janeiro,Brazil,2022,2.189,0.2911,58,29,5265,1.3,Aw
Rio de Janeiro,Brazil,2023,2.403,0.2734,58,29,5265,1.3,Aw
Rio de Janeiro,Brazil,2024,2.499,0.2676,58,29,5265,1.3,Aw
Rio de Janeiro,Brazil,2025,2.34,0.2757,58,29,5265,1.3,Aw
Tianjin,China,2015,2.884,0.1489,62,10,1450,2.2,Dwa
Tianjin,China,2016,3.309,0.1538,62,10,1450,2.2,Dwa
Tianjin,China,2017,3.014,0.1477,62,10,1450,2.2,Dwa
Tianjin,China,2018,2.933,0.1401,62,10,1450,2.2,Dwa
Tianjin,China,2019,3.324,0.1389,62,10,1450,2.2,Dwa
Tianjin,China,2020,2.841,0.1346,62,10,1450,2.2,Dwa
Tianjin,China,2021,3.224,0.1402,62,10,1450,2.2,Dwa
Tianjin,China,2022,3.035,0.1441,62,10,1450,2.2,Dwa
Tianjin,China,2023,3.435,0.1378,62,10,1450,2.2,Dwa
Tianjin,China,2024,3.326,0.1395,62,10,1450,2.2,Dwa
Tianjin,China,2025,3.339,0.1283,62,10,1450,2.2,Dwa
Kinshasa,DRC,2015,2.238,0.279,48,22,9217,,Aw
Kinshasa,DRC,2016,2.135,0.2743,48,22,9217,,Aw
Kinshasa,DRC,2017,1.958,0.2742,48,22,9217,,Aw
Kinshasa,DRC,2018,2.087,0.2805,48,22,9217,,Aw
Kinshasa,DRC,2019,1.825,0.2738,48,22,9217,,Aw
Kinshasa,DRC,2020,2.192,0.2648,48,22,9217,,Aw
Kinshasa,DRC,2021,2.158,0.27,48,22,9217,,Aw
Kinshasa,DRC,2022,2.184,0.2665,48,22,9217,,Aw
Kinshasa,DRC,2023,2.084,0.2597,48,22,9217,,Aw
Kinshasa,DRC,2024,2.31,0.2637,48,22,9217,,Aw
Kinshasa,DRC,2025,2.233,0.2658,48,22,9217,,Aw
Guangzhou,China,2015,3.479,0.2184,64,20,1914,2.0,Cwa
Guangzhou,China,2016,3.556,0.2127,64,20,1914,2.0,Cwa
Guangzhou,China,2017,3.571,0.2255,64,20,1914,2.0,Cwa
Guangzhou,China,2018,3.303,0.2206,64,20,1914,2.0,Cwa
Guangzhou,China,2019,3.297,0.2151,64,20,1914,2.0,Cwa
Guangzhou,China,2020,3.673,0.2041,64,20,1914,2.0,Cwa
Guangzhou,China,2021,3.258,0.2149,64,20,1914,2.0,Cwa
Guangzhou,China,2022,3.33,0.2084,64,20,1914,2.0,Cwa
Guangzhou,China,2023,3.712,0.2047,64,20,1914,2.0,Cwa
Guangzhou,China,2024,3.746,0.2067,64,20,1914,2.0,Cwa
Guangzhou,China,2025,3.77,0.2001,64,20,1914,2.0,Cwa
Los Angeles,USA,2015,3.026,0.1937,70,19,3276,0.7,Csb
Los Angeles,USA,2016,3.286,0.1942,70,19,3276,0.7,Csb
Los Angeles,USA,2017,3.064,0.1954,70,19,3276,0.7,Csb
Los Angeles,USA,2018,3.043,0.1941,70,19,3276,0.7,Csb
Los Angeles,USA,2019,3.178,0.1886,70,19,3276,0.7,Csb
Los Angeles,USA,2020,2.996,0.1951,70,19,3276,0.7,Csb
Los Angeles,USA,2021,2.906,0.1833,70,19,3276,0.7,Csb
Los Angeles,USA,2022,2.905,0.182,70,19,3276,0.7,Csb
Los Angeles,USA,2023,3.189,0.1804,70,19,3276,0.7,Csb
Los Angeles,USA,2024,2.94,0.1816,70,19,3276,0.7,Csb
Los Angeles,USA,2025,3.362,0.1895,70,19,3276,0.7,Csb
Moscow,Russia,2015,2.8,0.2822,58,26,4925,1.4,Dfb
Moscow,Russia,2016,2.601,0.2823,58,26,4925,1.4,Dfb
Moscow,Russia,2017,2.579,0.2797,58,26,4925,1.4,Dfb
Moscow,Russia,2018,2.446,0.2721,58,26,4925,1.4,Dfb
Moscow,Russia,2019,2.754,0.2705,58,26,4925,1.4,Dfb
Moscow,Russia,2020,2.838,0.2619,58,26,4925,1.4,Dfb
Moscow,Russia,2021,2.389,0.2627,58,26,4925,1.4,Dfb
Moscow,Russia,2022,2.53,0.2654,58,26,4925,1.4,Dfb
Moscow,Russia,2023,2.808,0.2691,58,26,4925,1.4,Dfb
Moscow,Russia,2024,2.956,0.2612,58,26,4925,1.4,Dfb
Moscow,Russia,2025,2.87,0.2591,58,26,4925,1.4,Dfb
Shenzhen,China,2015,3.297,0.2294,72,22,6851,1.8,Cwa
Shenzhen,China,2016,3.461,0.2213,72,22,6851,1.8,Cwa
Shenzhen,China,2017,3.297,0.2241,72,22,6851,1.8,Cwa
Shenzhen,China,2018,3.083,0.2137,72,22,6851,1.8,Cwa
Shenzhen,China,2019,3.418,0.2209,72,22,6851,1.8,Cwa
Shenzhen,China,2020,3.59,0.2097,72,22,6851,1.8,Cwa
Shenzhen,China,2021,3.415,0.2157,72,22,6851,1.8,Cwa
Shenzhen,China,2022,3.444,0.2215,72,22,6851,1.8,Cwa
Shenzhen,China,2023,3.45,0.2191,72,22,6851,1.8,Cwa
Shenzhen,China,2024,3.626,0.2113,72,22,6851,1.8,Cwa
Shenzhen,China,2025,3.389,0.2018,72,22,6851,1.8,Cwa
Lahore,Pakistan,2015,2.894,0.1087,70,7,6500,5.8,BSh
Lahore,Pakistan,2016,3.103,0.1126,70,7,6500,5.8,BSh
Lahore,Pakistan,2017,3.102,0.1268,70,7,6500,5.8,BSh
Lahore,Pakistan,2018,2.893,0.1213,70,7,6500,5.8,BSh
Lahore,Pakistan,2019,3.09,0.1093,70,7,6500,5.8,BSh
Lahore,Pakistan,2020,3.273,0.1157,70,7,6500,5.8,BSh
Lahore,Pakistan,2021,2.626,0.1093,70,7,6500,5.8,BSh
Lahore,Pakistan,2022,2.906,0.1021,70,7,6500,5.8,BSh
Lahore,Pakistan,2023,3.24,0.1016,70,7,6500,5.8,BSh
Lahore,Pakistan,2024,3.159,0.1057,70,7,6500,5.8,BSh
Lahore,Pakistan,2025,3.094,0.1037,70,7,6500,5.8,BSh
Bangalore,India,2015,2.177,0.2203,63,18,4381,2.1,Aw
Bangalore,India,2016,2.286,0.2111,63,18,4381,2.1,Aw
Bangalore,India,2017,2.507,0.202,63,18,4381,2.1,Aw
Bangalore,India,2018,2.428,0.2006,63,18,4381,2.1,Aw
Bangalore,India,2019,2.581,0.1914,63,18,4381,2.1,Aw
Bangalore,India,2020,2.727,0.1979,63,18,4381,2.1,Aw
Bangalore,India,2021,2.334,0.2021,63,18,4381,2.1,Aw
Bangalore,India,2022,2.563,0.1939,63,18,4381,2.1,Aw
Bangalore,India,2023,2.814,0.1954,63,18,4381,2.1,Aw
Bangalore,India,2024,2.871,0.1909,63,18,4381,2.1,Aw
Bangalore,India,2025,2.692,0.1845,63,18,4381,2.1,Aw
Paris,France,2015,3.251,0.2656,74,24,20382,1.2,Cfb
Paris,France,2016,3.172,0.2673,74,24,20382,1.2,Cfb
Paris,France,2017,3.196,0.2693,74,24,20382,1.2,Cfb
Paris,France,2018,3.254,0.2627,74,24,20382,1.2,Cfb
Paris,France,2019,3.267,0.2702,74,24,20382,1.2,Cfb
Paris,France,2020,3.366,0.2652,74,24,20382,1.2,Cfb
Paris,France,2021,3.245,0.2576,74,24,20382,1.2,Cfb
Paris,France,2022,3.004,0.2504,74,24,20382,1.2,Cfb
Paris,France,2023,2.956,0.2581,74,24,20382,1.2,Cfb
Paris,France,2024,3.463,0.2594,74,24,20382,1.2,Cfb
Paris,France,2025,3.221,0.2464,74,24,20382,1.2,Cfb
Bogotá,Colombia,2015,2.025,0.2343,61,20,4310,0.4,Cfb
Bogotá,Colombia,2016,2.17,0.2445,61,20,4310,0.4,Cfb
Bogotá,Colombia,2017,2.2,0.2371,61,20,4310,0.4,Cfb
Bogotá,Colombia,2018,2.269,0.2353,61,20,4310,0.4,Cfb
Bogotá,Colombia,2019,2.221,0.2251,61,20,4310,0.4,Cfb
Bogotá,Colombia,2020,2.008,0.2352,61,20,4310,0.4,Cfb
Bogotá,Colombia,2021,2.242,0.2354,61,20,4310,0.4,Cfb
Bogotá,Colombia,2022,2.034,0.2249,61,20,4310,0.4,Cfb
Bogotá,Colombia,2023,2.085,0.2253,61,20,4310,0.4,Cfb
Bogotá,Colombia,2024,2.248,0.2152,61,20,4310,0.4,Cfb
Bogotá,Colombia,2025,2.187,0.2125,61,20,4310,0.4,Cfb
Jakarta,Indonesia,2015,2.67,0.1816,77,11,15342,3.1,Af
Jakarta,Indonesia,2016,2.771,0.179,77,11,15342,3.1,Af
Jakarta,Indonesia,2017,2.591,0.1878,77,11,15342,3.1,Af
Jakarta,Indonesia,2018,2.44,0.1803,77,11,15342,3.1,Af
Jakarta,Indonesia,2019,2.676,0.1907,77,11,15342,3.1,Af
Jakarta,Indonesia,2020,2.848,0.1782,77,11,15342,3.1,Af
Jakarta,Indonesia,2021,2.74,0.1645,77,11,15342,3.1,Af
Jakarta,Indonesia,2022,2.835,0.1824,77,11,15342,3.1,Af
Jakarta,Indonesia,2023,2.537,0.1661,77,11,15342,3.1,Af
Jakarta,Indonesia,2024,2.667,0.1727,77,11,15342,3.1,Af
Jakarta,Indonesia,2025,2.714,0.1727,77,11,15342,3.1,Af
Chennai,India,2015,2.538,0.1447,67,9,6937,2.9,Aw
Chennai,India,2016,2.686,0.1517,67,9,6937,2.9,Aw
Chennai,India,2017,2.605,0.1436,67,9,6937,2.9,Aw
Chennai,India,2018,3.083,0.1372,67,9,6937,2.9,Aw
Chennai,India,2019,2.917,0.1366,67,9,6937,2.9,Aw
Chennai,India,2020,2.541,0.1411,67,9,6937,2.9,Aw
Chennai,India,2021,2.653,0.1297,67,9,6937,2.9,Aw
Chennai,India,2022,2.661,0.1359,67,9,6937,2.9,Aw
Chennai,India,2023,3.093,0.1293,67,9,6937,2.9,Aw
Chennai,India,2024,3.091,0.1272,67,9,6937,2.9,Aw
Chennai,India,2025,2.895,0.1381,67,9,6937,2.9,Aw
Lima,Peru,2015,1.847,0.0689,73,2,3229,0.8,BWn
Lima,Peru,2016,2.236,0.0528,73,2,3229,0.8,BWn
Lima,Peru,2017,2.266,0.06,73,2,3229,0.8,BWn
Lima,Peru,2018,2.233,0.0571,73,2,3229,0.8,BWn
Lima,Peru,2019,2.042,0.0427,73,2,3229,0.8,BWn
Lima,Peru,2020,2.252,0.0418,73,2,3229,0.8,BWn
Lima,Peru,2021,1.978,0.0482,73,2,3229,0.8,BWn
Lima,Peru,2022,2.149,0.0485,73,2,3229,0.8,BWn
Lima,Peru,2023,2.181,0.0467,73,2,3229,0.8,BWn
Lima,Peru,2024,2.298,0.0402,73,2,3229,0.8,BWn
Lima,Peru,2025,2.318,0.0396,73,2,3229,0.8,BWn
Bangkok,Thailand,2015,3.068,0.1773,71,10,5765,2.4,Aw
Bangkok,Thailand,2016,3.454,0.1758,71,10,5765,2.4,Aw
Bangkok,Thailand,2017,3.086,0.1638,71,10,5765,2.4,Aw
Bangkok,Thailand,2018,2.98,0.1682,71,10,5765,2.4,Aw
Bangkok,Thailand,2019,2.953,0.1645,71,10,5765,2.4,Aw
Bangkok,Thailand,2020,2.973,0.1668,71,10,5765,2.4,Aw
Bangkok,Thailand,2021,3.026,0.1578,71,10,5765,2.4,Aw
Bangkok,Thailand,2022,2.977,0.1533,71,10,5765,2.4,Aw
Bangkok,Thailand,2023,3.279,0.1574,71,10,5765,2.4,Aw
Bangkok,Thailand,2024,3.085,0.1568,71,10,5765,2.4,Aw
Bangkok,Thailand,2025,3.121,0.1472,71,10,5765,2.4,Aw
Seoul,South Korea,2015,3.153,0.2538,65,28,15988,1.6,Dwa
Seoul,South Korea,2016,3.318,0.2564,65,28,15988,1.6,Dwa
Seoul,South Korea,2017,3.531,0.2534,65,28,15988,1.6,Dwa
Seoul,South Korea,2018,2.989,0.249,65,28,15988,1.6,Dwa
Seoul,South Korea,2019,3.339,0.2537,65,28,15988,1.6,Dwa
Seoul,South Korea,2020,3.569,0.244,65,28,15988,1.6,Dwa
Seoul,South Korea,2021,3.277,0.2493,65,28,15988,1.6,Dwa
Seoul,South Korea,2022,3.476,0.2523,65,28,15988,1.6,Dwa
Seoul,South Korea,2023,3.767,0.2394,65,28,15988,1.6,Dwa
Seoul,South Korea,2024,3.497,0.2411,65,28,15988,1.6,Dwa
Seoul,South Korea,2025,3.453,0.2402,65,28,15988,1.6,Dwa
Nagoya,Japan,2015,3.746,0.2194,69,17,7092,1.9,Cfa
Nagoya,Japan,2016,3.671,0.2189,69,17,7092,1.9,Cfa
Nagoya,Japan,2017,3.838,0.2112,69,17,7092,1.9,Cfa
Nagoya,Japan,2018,3.786,0.2197,69,17,7092,1.9,Cfa
Nagoya,Japan,2019,3.915,0.2147,69,17,7092,1.9,Cfa
Nagoya,Japan,2020,3.95,0.2131,69,17,7092,1.9,Cfa
Nagoya,Japan,2021,3.989,0.2011,69,17,7092,1.9,Cfa
Nagoya,Japan,2022,3.633,0.2009,69,17,7092,1.9,Cfa
Nagoya,Japan,2023,3.809,0.2085,69,17,7092,1.9,Cfa
Nagoya,Japan,2024,3.928,0.1968,69,17,7092,1.9,Cfa
Nagoya,Japan,2025,3.869,0.1953,69,17,7092,1.9,Cfa
Hyderabad,India,2015,2.491,0.1643,60,11,6090,3.0,BSh
Hyderabad,India,2016,2.703,0.1684,60,11,6090,3.0,BSh
Hyderabad,India,2017,2.991,0.1694,60,11,6090,3.0,BSh
Hyderabad,India,2018,2.751,0.1637,60,11,6090,3.0,BSh
Hyderabad,India,2019,2.782,0.1624,60,11,6090,3.0,BSh
Hyderabad,India,2020,2.739,0.1563,60,11,6090,3.0,BSh
Hyderabad,India,2021,2.414,0.154,60,11,6090,3.0,BSh
Hyderabad,India,2022,2.945,0.1514,60,11,6090,3.0,BSh
Hyderabad,India,2023,2.786,0.1584,60,11,6090,3.0,BSh
Hyderabad,India,2024,3.025,0.1501,60,11,6090,3.0,BSh
Hyderabad,India,2025,3.134,0.1452,60,11,6090,3.0,BSh
London,UK,2015,2.663,0.3091,58,33,5701,0.8,Cfb
London,UK,2016,2.879,0.3162,58,33,5701,0.8,Cfb
London,UK,2017,2.951,0.3036,58,33,5701,0.8,Cfb
London,UK,2018,2.823,0.3034,58,33,5701,0.8,Cfb
London,UK,2019,2.875,0.301,58,33,5701,0.8,Cfb
London,UK,2020,2.891,0.2966,58,33,5701,0.8,Cfb
London,UK,2021,2.731,0.286,58,33,5701,0.8,Cfb
London,UK,2022,2.609,0.3015,58,33,5701,0.8,Cfb
London,UK,2023,3.195,0.3007,58,33,5701,0.8,Cfb
London,UK,2024,2.902,0.2868,58,33,5701,0.8,Cfb
London,UK,2025,2.645,0.2915,58,33,5701,0.8,Cfb
Tehran,Iran,2015,3.212,0.1074,69,7,11600,2.7,BSk
Tehran,Iran,2016,3.134,0.1048,69,7,11600,2.7,BSk
Tehran,Iran,2017,2.915,0.1133,69,7,11600,2.7,BSk
Tehran,Iran,2018,3.433,0.1033,69,7,11600,2.7,BSk
Tehran,Iran,2019,3.251,0.0975,69,7,11600,2.7,BSk
Tehran,Iran,2020,3.297,0.1047,69,7,11600,2.7,BSk
Tehran,Iran,2021,3.101,0.0968,69,7,11600,2.7,BSk
Tehran,Iran,2022,2.912,0.0872,69,7,11600,2.7,BSk
Tehran,Iran,2023,3.185,0.0948,69,7,11600,2.7,BSk
Tehran,Iran,2024,3.504,0.0947,69,7,11600,2.7,BSk
Tehran,Iran,2025,3.603,0.0872,69,7,11600,2.7,BSk
Chicago,USA,2015,3.438,0.2764,66,24,4552,0.8,Dfa
Chicago,USA,2016,3.349,0.2731,66,24,4552,0.8,Dfa
Chicago,USA,2017,3.009,0.2656,66,24,4552,0.8,Dfa
Chicago,USA,2018,3.01,0.2622,66,24,4552,0.8,Dfa
Chicago,USA,2019,3.161,0.2607,66,24,4552,0.8,Dfa
Chicago,USA,2020,3.495,0.2553,66,24,4552,0.8,Dfa
Chicago,USA,2021,2.874,0.2506,66,24,4552,0.8,Dfa
Chicago,USA,2022,3.185,0.2585,66,24,4552,0.8,Dfa
Chicago,USA,2023,3.348,0.2546,66,24,4552,0.8,Dfa
Chicago,USA,2024,3.323,0.2505,66,24,4552,0.8,Dfa
Chicago,USA,2025,3.34,0.2413,66,24,4552,0.8,Dfa
Chengdu,China,2015,2.946,0.2297,58,21,1893,2.2,Cwa
Chengdu,China,2016,3.171,0.23,58,21,1893,2.2,Cwa
Chengdu,China,2017,2.882,0.2217,58,21,1893,2.2,Cwa
Chengdu,China,2018,2.925,0.2214,58,21,1893,2.2,Cwa
Chengdu,China,2019,3.149,0.2156,58,21,1893,2.2,Cwa
Chengdu,China,2020,3.082,0.2192,58,21,1893,2.2,Cwa
Chengdu,China,2021,3.118,0.221,58,21,1893,2.2,Cwa
Chengdu,China,2022,3.06,0.212,58,21,1893,2.2,Cwa
Chengdu,China,2023,3.059,0.215,58,21,1893,2.2,Cwa
Chengdu,China,2024,3.18,0.2174,58,21,1893,2.2,Cwa
Chengdu,China,2025,3.046,0.2152,58,21,1893,2.2,Cwa
Nanjing,China,2015,3.247,0.2248,59,22,1423,2.1,Cfa
Nanjing,China,2016,3.267,0.24,59,22,1423,2.1,Cfa
Nanjing,China,2017,3.297,0.2401,59,22,1423,2.1,Cfa
Nanjing,China,2018,3.252,0.2318,59,22,1423,2.1,Cfa
Nanjing,China,2019,3.273,0.2294,59,22,1423,2.1,Cfa
Nanjing,China,2020,3.445,0.2366,59,22,1423,2.1,Cfa
Nanjing,China,2021,3.275,0.2216,59,22,1423,2.1,Cfa
Nanjing,China,2022,3.011,0.2351,59,22,1423,2.1,Cfa
Nanjing,China,2023,3.326,0.2351,59,22,1423,2.1,Cfa
Nanjing,China,2024,3.387,0.2162,59,22,1423,2.1,Cfa
Nanjing,China,2025,3.168,0.2198,59,22,1423,2.1,Cfa
Wuhan,China,2015,3.292,0.219,56,19,1401,2.3,Cfa
Wuhan,China,2016,3.287,0.221,56,19,1401,2.3,Cfa
Wuhan,China,2017,3.423,0.2114,56,19,1401,2.3,Cfa
Wuhan,China,2018,3.103,0.2201,56,19,1401,2.3,Cfa
Wuhan,China,2019,3.242,0.2159,56,19,1401,2.3,Cfa
Wuhan,China,2020,3.479,0.2108,56,19,1401,2.3,Cfa
Wuhan,China,2021,3.26,0.2093,56,19,1401,2.3,Cfa
Wuhan,China,2022,3.607,0.2124,56,19,1401,2.3,Cfa
Wuhan,China,2023,3.443,0.2023,56,19,1401,2.3,Cfa
Wuhan,China,2024,3.581,0.2104,56,19,1401,2.3,Cfa
Wuhan,China,2025,3.549,0.2023,56,19,1401,2.3,Cfa
Ho Chi Minh,Vietnam,2015,2.661,0.1885,68,10,4292,2.9,Aw
Ho Chi Minh,Vietnam,2016,2.744,0.1872,68,10,4292,2.9,Aw
Ho Chi Minh,Vietnam,2017,2.644,0.1815,68,10,4292,2.9,Aw
Ho Chi Minh,Vietnam,2018,2.533,0.1836,68,10,4292,2.9,Aw
Ho Chi Minh,Vietnam,2019,2.774,0.1805,68,10,4292,2.9,Aw
Ho Chi Minh,Vietnam,2020,2.71,0.1853,68,10,4292,2.9,Aw
Ho Chi Minh,Vietnam,2021,2.822,0.1775,68,10,4292,2.9,Aw
Ho Chi Minh,Vietnam,2022,2.694,0.1748,68,10,4292,2.9,Aw
Ho Chi Minh,Vietnam,2023,2.893,0.1812,68,10,4292,2.9,Aw
Ho Chi Minh,Vietnam,2024,2.938,0.1766,68,10,4292,2.9,Aw
Ho Chi Minh,Vietnam,2025,2.845,0.1751,68,10,4292,2.9,Aw
Luanda,Angola,2015,2.235,0.1201,45,8,2000,,Aw
Luanda,Angola,2016,2.279,0.1191,45,8,2000,,Aw
Luanda,Angola,2017,2.216,0.1144,45,8,2000,,Aw
Luanda,Angola,2018,1.929,0.1179,45,8,2000,,Aw
Luanda,Angola,2019,2.131,0.1063,45,8,2000,,Aw
Luanda,Angola,2020,2.504,0.1136,45,8,2000,,Aw
Luanda,Angola,2021,1.914,0.1071,45,8,2000,,Aw
Luanda,Angola,2022,1.992,0.103,45,8,2000,,Aw
Luanda,Angola,2023,2.387,0.1042,45,8,2000,,Aw
Luanda,Angola,2024,2.528,0.1036,45,8,2000,,Aw
Luanda,Angola,2025,2.408,0.1061,45,8,2000,,Aw
Ahmedabad,India,2015,2.816,0.0939,72,5,9100,4.2,BSh
Ahmedabad,India,2016,2.925,0.0973,72,5,9100,4.2,BSh
Ahmedabad,India,2017,2.752,0.0965,72,5,9100,4.2,BSh
Ahmedabad,India,2018,2.834,0.0913,72,5,9100,4.2,BSh
Ahmedabad,India,2019,3.025,0.0874,72,5,9100,4.2,BSh
Ahmedabad,India,2020,2.726,0.0904,72,5,9100,4.2,BSh
Ahmedabad,India,2021,2.868,0.0852,72,5,9100,4.2,BSh
Ahmedabad,India,2022,2.95,0.0908,72,5,9100,4.2,BSh
Ahmedabad,India,2023,3.239,0.0821,72,5,9100,4.2,BSh
Ahmedabad,India,2024,3.236,0.0914,72,5,9100,4.2,BSh
Ahmedabad,India,2025,3.072,0.0809,72,5,9100,4.2,BSh
Xi'an,China,2015,3.119,0.1567,61,14,1254,2.5,Dwa
Xi'an,China,2016,3.299,0.162,61,14,1254,2.5,Dwa
Xi'an,China,2017,2.936,0.1592,61,14,1254,2.5,Dwa
Xi'an,China,2018,3.177,0.1588,61,14,1254,2.5,Dwa
Xi'an,China,2019,2.96,0.1483,61,14,1254,2.5,Dwa
Xi'an,China,2020,2.848,0.1547,61,14,1254,2.5,Dwa
Xi'an,China,2021,2.914,0.1416,61,14,1254,2.5,Dwa
Xi'an,China,2022,2.901,0.1536,61,14,1254,2.5,Dwa
Xi'an,China,2023,3.109,0.1418,61,14,1254,2.5,Dwa
Xi'an,China,2024,3.304,0.1461,61,14,1254,2.5,Dwa
Xi'an,China,2025,2.91,0.1476,61,14,1254,2.5,Dwa
Kuala Lumpur,Malaysia,2015,2.25,0.2853,60,27,6891,1.9,Af
Kuala Lumpur,Malaysia,2016,2.654,0.2937,60,27,6891,1.9,Af
Kuala Lumpur,Malaysia,2017,2.621,0.2898,60,27,6891,1.9,Af
Kuala Lumpur,Malaysia,2018,2.777,0.2792,60,27,6891,1.9,Af
Kuala Lumpur,Malaysia,2019,2.51,0.2862,60,27,6891,1.9,Af
Kuala Lumpur,Malaysia,2020,2.663,0.2743,60,27,6891,1.9,Af
Kuala Lumpur,Malaysia,2021,2.498,0.2822,60,27,6891,1.9,Af
Kuala Lumpur,Malaysia,2022,2.735,0.2793,60,27,6891,1.9,Af
Kuala Lumpur,Malaysia,2023,2.509,0.2654,60,27,6891,1.9,Af
Kuala Lumpur,Malaysia,2024,2.619,0.2629,60,27,6891,1.9,Af
Kuala Lumpur,Malaysia,2025,2.552,0.2713,60,27,6891,1.9,Af
Riyadh,Saudi Arabia,2015,3.652,0.0487,65,2,1500,3.4,BWh
Riyadh,Saudi Arabia,2016,3.767,0.0438,65,2,1500,3.4,BWh
Riyadh,Saudi Arabia,2017,3.46,0.0479,65,2,1500,3.4,BWh
Riyadh,Saudi Arabia,2018,3.519,0.049,65,2,1500,3.4,BWh
Riyadh,Saudi Arabia,2019,3.893,0.0395,65,2,1500,3.4,BWh
Riyadh,Saudi Arabia,2020,3.691,0.0414,65,2,1500,3.4,BWh
Riyadh,Saudi Arabia,2021,3.716,0.0347,65,2,1500,3.4,BWh
Riyadh,Saudi Arabia,2022,3.729,0.0316,65,2,1500,3.4,BWh
Riyadh,Saudi Arabia,2023,3.902,0.0279,65,2,1500,3.4,BWh
Riyadh,Saudi Arabia,2024,3.823,0.0302,65,2,1500,3.4,BWh
Riyadh,Saudi Arabia,2025,3.934,0.0414,65,2,1500,3.4,BWh
Surat,India,2015,2.62,0.1144,70,5,9700,3.8,BSh
Surat,India,2016,2.723,0.1086,70,5,9700,3.8,BSh
Surat,India,2017,2.864,0.1081,70,5,9700,3.8,BSh
Surat,India,2018,2.936,0.1061,70,5,9700,3.8,BSh
Surat,India,2019,2.833,0.0999,70,5,9700,3.8,BSh
Surat,India,2020,2.837,0.0971,70,5,9700,3.8,BSh
Surat,India,2021,2.807,0.0979,70,5,9700,3.8,BSh
Surat,India,2022,2.815,0.0939,70,5,9700,3.8,BSh
Surat,India,2023,2.945,0.0924,70,5,9700,3.8,BSh
Surat,India,2024,3.251,0.0948,70,5,9700,3.8,BSh
Surat,India,2025,3.041,0.0913,70,5,9700,3.8,BSh
Santiago,Chile,2015,2.674,0.1438,62,12,2440,0.9,Csb
Santiago,Chile,2016,2.701,0.1445,62,12,2440,0.9,Csb
Santiago,Chile,2017,2.623,0.1362,62,12,2440,0.9,Csb
Santiago,Chile,2018,2.365,0.1414,62,12,2440,0.9,Csb
Santiago,Chile,2019,2.441,0.1405,62,12,2440,0.9,Csb
Santiago,Chile,2020,2.623,0.1277,62,12,2440,0.9,Csb
Santiago,Chile,2021,2.344,0.1285,62,12,2440,0.9,Csb
Santiago,Chile,2022,2.565,0.1273,62,12,2440,0.9,Csb
Santiago,Chile,2023,2.693,0.1235,62,12,2440,0.9,Csb
Santiago,Chile,2024,2.816,0.1186,62,12,2440,0.9,Csb
Santiago,Chile,2025,2.372,0.1173,62,12,2440,0.9,Csb
